Pick Up Location	Drop Off Location
New York City, NY	Los Angeles, CA
New York City, NY	Chicago, IL
New York City, NY	Houston, TX
New York City, NY	Miami, FL
New York City, NY	Philadelphia, PA
New York City, NY	Phoenix, AZ
New York City, NY	San Antonio, TX
New York City, NY	San Diego, CA
New York City, NY	Dallas, TX
New York City, NY	San Francisco, CA
New York City, NY	Austin, TX
New York City, NY	Jacksonville, FL
New York City, NY	Indianapolis, IN
New York City, NY	Columbus, OH
New York City, NY	Fort Worth, TX
New York City, NY	Charlotte, NC
New York City, NY	Seattle, WA
New York City, NY	Denver, CO
New York City, NY	Washington, D.C.
Los Angeles, CA	Chicago, IL
Los Angeles, CA	Houston, TX
Los Angeles, CA	Miami, FL
Los Angeles, CA	Philadelphia, PA
Los Angeles, CA	Phoenix, AZ
Los Angeles, CA	San Antonio, TX
Los Angeles, CA	San Diego, CA
Los Angeles, CA	Dallas, TX
Los Angeles, CA	San Francisco, CA
Los Angeles, CA	Austin, TX
Los Angeles, CA	Jacksonville, FL
Los Angeles, CA	Indianapolis, IN
Los Angeles, CA	Columbus, OH
Los Angeles, CA	Fort Worth, TX
Los Angeles, CA	Charlotte, NC
Los Angeles, CA	Seattle, WA
Los Angeles, CA	Denver, CO
Los Angeles, CA	Washington, D.C.
Chicago, IL	Houston, TX
Chicago, IL	Miami, FL
Chicago, IL	Philadelphia, PA
Chicago, IL	Phoenix, AZ
Chicago, IL	San Antonio, TX
Chicago, IL	San Diego, CA
Chicago, IL	Dallas, TX
Chicago, IL	San Francisco, CA
Chicago, IL	Austin, TX
Chicago, IL	Jacksonville, FL
Chicago, IL	Indianapolis, IN
Chicago, IL	Columbus, OH
Chicago, IL	Fort Worth, TX
Chicago, IL	Charlotte, NC
Chicago, IL	Seattle, WA
Chicago, IL	Denver, CO
Chicago, IL	Washington, D.C.
Houston, TX	Miami, FL
Houston, TX	Philadelphia, PA
Houston, TX	Phoenix, AZ
Houston, TX	San Antonio, TX
Houston, TX	San Diego, CA
Houston, TX	Dallas, TX
Houston, TX	San Francisco, CA
Houston, TX	Austin, TX
Houston, TX	Jacksonville, FL
Houston, TX	Indianapolis, IN
Houston, TX	Columbus, OH
Houston, TX	Fort Worth, TX
Houston, TX	Charlotte, NC
Houston, TX	Seattle, WA
Houston, TX	Denver, CO
Houston, TX	Washington, D.C.
Miami, FL	Philadelphia, PA
Miami, FL	Phoenix, AZ
Miami, FL	San Antonio, TX
Miami, FL	San Diego, CA
Miami, FL	Dallas, TX
Miami, FL	San Francisco, CA
Miami, FL	Austin, TX
Miami, FL	Jacksonville, FL
Miami, FL	Indianapolis, IN
Miami, FL	Columbus, OH
Miami, FL	Fort Worth, TX
Miami, FL	Charlotte, NC
Miami, FL	Seattle, WA
Miami, FL	Denver, CO
Miami, FL	Washington, D.C.
Philadelphia, PA	Phoenix, AZ
Philadelphia, PA	San Antonio, TX
Philadelphia, PA	San Diego, CA
Philadelphia, PA	Dallas, TX
Philadelphia, PA	San Francisco, CA
Philadelphia, PA	Austin, TX
Philadelphia, PA	Jacksonville, FL
Philadelphia, PA	Indianapolis, IN
Philadelphia, PA	Columbus, OH
Philadelphia, PA	Fort Worth, TX
Philadelphia, PA	Charlotte, NC
Philadelphia, PA	Seattle, WA
Philadelphia, PA	Denver, CO
Philadelphia, PA	Washington, D.C.
Phoenix, AZ	San Antonio, TX
Phoenix, AZ	San Diego, CA
Phoenix, AZ	Dallas, TX
Phoenix, AZ	San Francisco, CA
Phoenix, AZ	Austin, TX
Phoenix, AZ	Jacksonville, FL
Phoenix, AZ	Indianapolis, IN
Phoenix, AZ	Columbus, OH
Phoenix, AZ	Fort Worth, TX
Phoenix, AZ	Charlotte, NC
Phoenix, AZ	Seattle, WA
Phoenix, AZ	Denver, CO
Phoenix, AZ	Washington, D.C.
San Antonio, TX	San Diego, CA
San Antonio, TX	Dallas, TX
San Antonio, TX	San Francisco, CA
San Antonio, TX	Austin, TX
San Antonio, TX	Jacksonville, FL
San Antonio, TX	Indianapolis, IN
San Antonio, TX	Columbus, OH
San Antonio, TX	Fort Worth, TX
San Antonio, TX	Charlotte, NC
San Antonio, TX	Seattle, WA
San Antonio, TX	Denver, CO
San Antonio, TX	Washington, D.C.
San Diego, CA	Dallas, TX
San Diego, CA	San Francisco, CA
San Diego, CA	Austin, TX
San Diego, CA	Jacksonville, FL
San Diego, CA	Indianapolis, IN
San Diego, CA	Columbus, OH
San Diego, CA	Fort Worth, TX
San Diego, CA	Charlotte, NC
San Diego, CA	Seattle, WA
San Diego, CA	Denver, CO
San Diego, CA	Washington, D.C.
Dallas, TX	San Francisco, CA
Dallas, TX	Austin, TX
Dallas, TX	Jacksonville, FL
Dallas, TX	Indianapolis, IN
Dallas, TX	Columbus, OH
Dallas, TX	Fort Worth, TX
Dallas, TX	Charlotte, NC
Dallas, TX	Seattle, WA
Dallas, TX	Denver, CO
Dallas, TX	Washington, D.C.
San Francisco, CA	Austin, TX
San Francisco, CA	Jacksonville, FL
San Francisco, CA	Indianapolis, IN
San Francisco, CA	Columbus, OH
San Francisco, CA	Fort Worth, TX
San Francisco, CA	Charlotte, NC
San Francisco, CA	Seattle, WA
San Francisco, CA	Denver, CO
San Francisco, CA	Washington, D.C.
Austin, TX	Jacksonville, FL
Austin, TX	Indianapolis, IN
Austin, TX	Columbus, OH
Austin, TX	Fort Worth, TX
Austin, TX	Charlotte, NC
Austin, TX	Seattle, WA
Austin, TX	Denver, CO
Austin, TX	Washington, D.C.
Jacksonville, FL	Indianapolis, IN
Jacksonville, FL	Columbus, OH
Jacksonville, FL	Fort Worth, TX
Jacksonville, FL	Charlotte, NC
Jacksonville, FL	Seattle, WA
Jacksonville, FL	Denver, CO
Jacksonville, FL	Washington, D.C.
Indianapolis, IN	Columbus, OH
Indianapolis, IN	Fort Worth, TX
Indianapolis, IN	Charlotte, NC
Indianapolis, IN	Seattle, WA
Indianapolis, IN	Denver, CO
Indianapolis, IN	Washington, D.C.
Columbus, OH	Fort Worth, TX
Columbus, OH	Charlotte, NC
Columbus, OH	Seattle, WA
Columbus, OH	Denver, CO
Columbus, OH	Washington, D.C.
Fort Worth, TX	Charlotte, NC
Fort Worth, TX	Seattle, WA
Fort Worth, TX	Denver, CO
Fort Worth, TX	Washington, D.C.
Charlotte, NC	Seattle, WA
Charlotte, NC	Denver, CO
Charlotte, NC	Washington, D.C.
Seattle, WA	Denver, CO
Seattle, WA	Washington, D.C.
Denver, CO	Washington, D.C.
Los Angeles, CA	New York City, NY
Chicago, IL	New York City, NY
Houston, TX	New York City, NY
Miami, FL	New York City, NY
Philadelphia, PA	New York City, NY
Phoenix, AZ	New York City, NY
San Antonio, TX	New York City, NY
San Diego, CA	New York City, NY
Dallas, TX	New York City, NY
San Francisco, CA	New York City, NY
Austin, TX	New York City, NY
Jacksonville, FL	New York City, NY
Indianapolis, IN	New York City, NY
Columbus, OH	New York City, NY
Fort Worth, TX	New York City, NY
Charlotte, NC	New York City, NY
Seattle, WA	New York City, NY
Denver, CO	New York City, NY
Washington, D.C.	New York City, NY
Chicago, IL	Los Angeles, CA
Houston, TX	Los Angeles, CA
Miami, FL	Los Angeles, CA
Philadelphia, PA	Los Angeles, CA
Phoenix, AZ	Los Angeles, CA
San Antonio, TX	Los Angeles, CA
San Diego, CA	Los Angeles, CA
Dallas, TX	Los Angeles, CA
San Francisco, CA	Los Angeles, CA
Austin, TX	Los Angeles, CA
Jacksonville, FL	Los Angeles, CA
Indianapolis, IN	Los Angeles, CA
Columbus, OH	Los Angeles, CA
Fort Worth, TX	Los Angeles, CA
Charlotte, NC	Los Angeles, CA
Seattle, WA	Los Angeles, CA
Denver, CO	Los Angeles, CA
Washington, D.C.	Los Angeles, CA
Houston, TX	Chicago, IL
Miami, FL	Chicago, IL
Philadelphia, PA	Chicago, IL
Phoenix, AZ	Chicago, IL
San Antonio, TX	Chicago, IL
San Diego, CA	Chicago, IL
Dallas, TX	Chicago, IL
San Francisco, CA	Chicago, IL
Austin, TX	Chicago, IL
Jacksonville, FL	Chicago, IL
Indianapolis, IN	Chicago, IL
Columbus, OH	Chicago, IL
Fort Worth, TX	Chicago, IL
Charlotte, NC	Chicago, IL
Seattle, WA	Chicago, IL
Denver, CO	Chicago, IL
Washington, D.C.	Chicago, IL
Miami, FL	Houston, TX
Philadelphia, PA	Houston, TX
Phoenix, AZ	Houston, TX
San Antonio, TX	Houston, TX
San Diego, CA	Houston, TX
Dallas, TX	Houston, TX
San Francisco, CA	Houston, TX
Austin, TX	Houston, TX
Jacksonville, FL	Houston, TX
Indianapolis, IN	Houston, TX
Columbus, OH	Houston, TX
Fort Worth, TX	Houston, TX
Charlotte, NC	Houston, TX
Seattle, WA	Houston, TX
Denver, CO	Houston, TX
Washington, D.C.	Houston, TX
Philadelphia, PA	Miami, FL
Phoenix, AZ	Miami, FL
San Antonio, TX	Miami, FL
San Diego, CA	Miami, FL
Dallas, TX	Miami, FL
San Francisco, CA	Miami, FL
Austin, TX	Miami, FL
Jacksonville, FL	Miami, FL
Indianapolis, IN	Miami, FL
Columbus, OH	Miami, FL
Fort Worth, TX	Miami, FL
Charlotte, NC	Miami, FL
Seattle, WA	Miami, FL
Denver, CO	Miami, FL
Washington, D.C.	Miami, FL
Phoenix, AZ	Philadelphia, PA
San Antonio, TX	Philadelphia, PA
San Diego, CA	Philadelphia, PA
Dallas, TX	Philadelphia, PA
San Francisco, CA	Philadelphia, PA
Austin, TX	Philadelphia, PA
Jacksonville, FL	Philadelphia, PA
Indianapolis, IN	Philadelphia, PA
Columbus, OH	Philadelphia, PA
Fort Worth, TX	Philadelphia, PA
Charlotte, NC	Philadelphia, PA
Seattle, WA	Philadelphia, PA
Denver, CO	Philadelphia, PA
Washington, D.C.	Philadelphia, PA
San Antonio, TX	Phoenix, AZ
San Diego, CA	Phoenix, AZ
Dallas, TX	Phoenix, AZ
San Francisco, CA	Phoenix, AZ
Austin, TX	Phoenix, AZ
Jacksonville, FL	Phoenix, AZ
Indianapolis, IN	Phoenix, AZ
Columbus, OH	Phoenix, AZ
Fort Worth, TX	Phoenix, AZ
Charlotte, NC	Phoenix, AZ
Seattle, WA	Phoenix, AZ
Denver, CO	Phoenix, AZ
Washington, D.C.	Phoenix, AZ
San Diego, CA	San Antonio, TX
Dallas, TX	San Antonio, TX
San Francisco, CA	San Antonio, TX
Austin, TX	San Antonio, TX
Jacksonville, FL	San Antonio, TX
Indianapolis, IN	San Antonio, TX
Columbus, OH	San Antonio, TX
Fort Worth, TX	San Antonio, TX
Charlotte, NC	San Antonio, TX
Seattle, WA	San Antonio, TX
Denver, CO	San Antonio, TX
Washington, D.C.	San Antonio, TX
Dallas, TX	San Diego, CA
San Francisco, CA	San Diego, CA
Austin, TX	San Diego, CA
Jacksonville, FL	San Diego, CA
Indianapolis, IN	San Diego, CA
Columbus, OH	San Diego, CA
Fort Worth, TX	San Diego, CA
Charlotte, NC	San Diego, CA
Seattle, WA	San Diego, CA
Denver, CO	San Diego, CA
Washington, D.C.	San Diego, CA
San Francisco, CA	Dallas, TX
Austin, TX	Dallas, TX
Jacksonville, FL	Dallas, TX
Indianapolis, IN	Dallas, TX
Columbus, OH	Dallas, TX
Fort Worth, TX	Dallas, TX
Charlotte, NC	Dallas, TX
Seattle, WA	Dallas, TX
Denver, CO	Dallas, TX
Washington, D.C.	Dallas, TX
Austin, TX	San Francisco, CA
Jacksonville, FL	San Francisco, CA
Indianapolis, IN	San Francisco, CA
Columbus, OH	San Francisco, CA
Fort Worth, TX	San Francisco, CA
Charlotte, NC	San Francisco, CA
Seattle, WA	San Francisco, CA
Denver, CO	San Francisco, CA
Washington, D.C.	San Francisco, CA
Jacksonville, FL	Austin, TX
Indianapolis, IN	Austin, TX
Columbus, OH	Austin, TX
Fort Worth, TX	Austin, TX
Charlotte, NC	Austin, TX
Seattle, WA	Austin, TX
Denver, CO	Austin, TX
Washington, D.C.	Austin, TX
Indianapolis, IN	Jacksonville, FL
Columbus, OH	Jacksonville, FL
Fort Worth, TX	Jacksonville, FL
Charlotte, NC	Jacksonville, FL
Seattle, WA	Jacksonville, FL
Denver, CO	Jacksonville, FL
Washington, D.C.	Jacksonville, FL
Columbus, OH	Indianapolis, IN
Fort Worth, TX	Indianapolis, IN
Charlotte, NC	Indianapolis, IN
Seattle, WA	Indianapolis, IN
Denver, CO	Indianapolis, IN
Washington, D.C.	Indianapolis, IN
Fort Worth, TX	Columbus, OH
Charlotte, NC	Columbus, OH
Seattle, WA	Columbus, OH
Denver, CO	Columbus, OH
Washington, D.C.	Columbus, OH
Charlotte, NC	Fort Worth, TX
Seattle, WA	Fort Worth, TX
Denver, CO	Fort Worth, TX
Washington, D.C.	Fort Worth, TX
Seattle, WA	Charlotte, NC
Denver, CO	Charlotte, NC
Washington, D.C.	Charlotte, NC
Denver, CO	Seattle, WA
Washington, D.C.	Seattle, WA
Washington, D.C.	Denver, CO
